"Serie","Folio","cfdiUUID","Tipo","Fecha","Hora","RFC","Receptor","Estado","Primer Concepto","Forma de pago","Método de pago","Moneda","Tipo de Cambio","Subtotal","Impuesto Retenido IVA","Impuesto Retenido ISR","Impuesto Trasladado IVA","Impuesto Trasladado IEPS","Impuesto Local Retenido","Impuesto Local Trasladado","Descuento","Total","Fecha Inicial de Pago","Fecha Final de Pago","Subtotal MXN","Impuesto Retenido IVA MXN","Impuesto Retenido ISR MXN","Impuesto Trasladado IVA MXN","Impuesto Trasladado IEPS MXN","Impuesto Local Retenido MXN","Impuesto Local Trasladado MXN","Descuento MXN","Total MXN",
"","6082","EED2D94F-CACF-4476-AC56-A60A6E0F2550","Factura","03/06/2026","08:15:16","XEXX010101000","ZF SERBIA D.O.O","Vigente","REM 010/2025 QUOTE 337/2025 VISUAL INSPECTION ON PN 5924463AA FOR BUTTON PUSHED DOWN  180415 PIECES","Por definir","Pago en parcialidades o diferido","Dolar americano","18.80","4510.38","0.00","0.00","0.00","0.00","0.00","0.00","0.00","4510.38","","","84795.14","0.00","0.00","0.00","0.00","0.00","0.00","0.00","84795.14","",""
"","6083","1B83DE7F-F03C-447D-A6B6-5FEBF7868AE6","Factura","08/06/2026","07:30:18","JSS981210P91","JFE SHOJI STEEL DE MEXICO","Vigente","REM 0248/2026 Apoyo Servicio de inspeccion de calidad por ingeniero en planta Nidec Periodo del 04 de Mayo al 31 Mayo 2026 T.C. $ 20.00","Por definir","Pago en parcialidades o diferido","Peso Mexicano","","81600.00","0.00","0.00","6528.00","0.00","0.00","0.00","0.00","88128.00","","","81600.00","0.00","0.00","6528.00","0.00","0.00","0.00","0.00","88128.00","",""
"","6084","F46D63CC-7F45-40DD-A68C-62A90FC40E5A","Factura","08/06/2026","07:50:30","PAM0405207T0","VALEO TELEMATICA Y ACUSTICA","Vigente","REMISION 0249/2026 VISUAL INSPECTION ON PN S000046344, S000046346, E1136083, E1136092 for knock, stain y burbble at valeo  May 18th  - May 24th 2026 246 HOURS","Por definir","Pago en parcialidades o diferido","Peso Mexicano","","46740.00","0.00","0.00","3739.20","0.00","0.00","0.00","0.00","50479.20","","","46740.00","0.00","0.00","3739.20","0.00","0.00","0.00","0.00","50479.20","",""
"","6085","8789DBF7-3C26-44C4-B820-8B80712A33AD","Factura","08/06/2026","07:52:34","PAM0405207T0","VALEO TELEMATICA Y ACUSTICA","Vigente","REMISION 0250/2026 ALMACEN VALEO  MAY 18TH -MAY 24TH 2026 45 HOURS 1ER  TURNO","Por definir","Pago en parcialidades o diferido","Peso Mexicano","","8550.00","0.00","0.00","684.00","0.00","0.00","0.00","0.00","9234.00","","","8550.00","0.00","0.00","684.00","0.00","0.00","0.00","0.00","9234.00","",""
"","6086","134586B0-09BF-4C04-B4C4-788309599A0C","Factura","08/06/2026","07:55:20","PAM0405207T0","VALEO TELEMATICA Y ACUSTICA","Vigente","REMISION 0251/2026 VISUAL INSPECTION ON PN S000046344, S000046346, E1136083, E1136092 for knock, stain y burbble at valeo  May 25th  - May 31th 2026 246 HOURS","Por definir","Pago en parcialidades o diferido","Peso Mexicano","","46740.00","0.00","0.00","3739.20","0.00","0.00","0.00","0.00","50479.20","","","46740.00","0.00","0.00","3739.20","0.00","0.00","0.00","0.00","50479.20","",""
"","6087","13ECA987-47F7-403D-AEAA-EA9C414CE5BF","Factura","08/06/2026","07:56:30","PAM0405207T0","VALEO TELEMATICA Y ACUSTICA","Vigente","REMISION 0252/2026 ALMACEN VALEO  MAY 25TH -MAY 31TH 2026 45 HOURS 1ER  TURNO","Por definir","Pago en parcialidades o diferido","Peso Mexicano","","8550.00","0.00","0.00","684.00","0.00","0.00","0.00","0.00","9234.00","","","8550.00","0.00","0.00","684.00","0.00","0.00","0.00","0.00","9234.00","",""
"","6088","2048E9CE-DECA-41E1-8734-91B94DBAADBA","Factura","08/06/2026","08:14:36","JSS981210P91","JFE SHOJI STEEL DE MEXICO","Vigente","rem 237 Inpeccion de Calidad en el NP M0051712  for stator contamination 17/03/2026  8 18/03/2026  8 23/08/2026  8 06/04/2026  8 17/04/2026  8 TOTAL 40 hrs","Por definir","Pago en parcialidades o diferido","Peso Mexicano","","8000.00","0.00","0.00","640.00","0.00","0.00","0.00","0.00","8640.00","","","8000.00","0.00","0.00","640.00","0.00","0.00","0.00","0.00","8640.00","",""
"","6089","8B9B81A5-4592-4D96-8A7A-898C1BBAEAFD","Factura","08/06/2026","08:15:18","JSS981210P91","JFE SHOJI STEEL DE MEXICO","Vigente","rem 238/2026 Inpeccion de Calidad en el NP M0051712  for stator contamination  05/05/2026  8 06/05/2026  16 13/05/2026  16 19/05/2026  17    TOTAL 57 hrs","Por definir","Pago en parcialidades o diferido","Peso Mexicano","","11400.00","0.00","0.00","912.00","0.00","0.00","0.00","0.00","12312.00","","","11400.00","0.00","0.00","912.00","0.00","0.00","0.00","0.00","12312.00","",""
"","6090","9A9178F4-76EB-4873-B3DB-1825F0DA5EBB","Complemento de Pagos","08/06/2026","10:13:53","PAM0405207T0","VALEO TELEMATICA Y ACUSTICA","Vigente","Pago","","","Los códigos asignados para las transacciones en que intervenga ninguna moneda","","0.00","0.00","0.00","0.00","0.00","0.00","0.00","0.00","0.00","","","0.00","0.00","0.00","0.00","0.00","0.00","0.00","0.00","0.00","",""
"","6091","AC32343F-4126-48C8-81B3-89BE40C5BB12","Complemento de Pagos","08/06/2026","10:18:58","TPM150904FFA","TRANS-MATIC PRECISION METAL FORMING DE MEXICO","Vigente","Pago","","","Los códigos asignados para las transacciones en que intervenga ninguna moneda","","0.00","0.00","0.00","0.00","0.00","0.00","0.00","0.00","0.00","","","0.00","0.00","0.00","0.00","0.00","0.00","0.00","0.00","0.00","",""
"","6092","B7E584E2-5E5F-4C28-8794-78CE5151524B","Complemento de Pagos","08/06/2026","10:21:01","PME160830PSA","POLLMANN DE MEXICO","Vigente","Pago","","","Los códigos asignados para las transacciones en que intervenga ninguna moneda","","0.00","0.00","0.00","0.00","0.00","0.00","0.00","0.00","0.00","","","0.00","0.00","0.00","0.00","0.00","0.00","0.00","0.00","0.00","",""
"","6093","4D543213-9237-47F0-9CED-D73FD8B044A8","Complemento de Pagos","08/06/2026","10:23:04","JSS981210P91","JFE SHOJI STEEL DE MEXICO","Vigente","Pago","","","Los códigos asignados para las transacciones en que intervenga ninguna moneda","","0.00","0.00","0.00","0.00","0.00","0.00","0.00","0.00","0.00","","","0.00","0.00","0.00","0.00","0.00","0.00","0.00","0.00","0.00","",""
"","6094","13664D38-9742-4992-805C-C4B255CFCD8A","Complemento de Pagos","08/06/2026","10:32:37","PAM0405207T0","VALEO TELEMATICA Y ACUSTICA","Vigente","Pago","","","Los códigos asignados para las transacciones en que intervenga ninguna moneda","","0.00","0.00","0.00","0.00","0.00","0.00","0.00","0.00","0.00","","","0.00","0.00","0.00","0.00","0.00","0.00","0.00","0.00","0.00","",""
"","6095","CD5498FC-EF7A-4EBD-834C-BE544F4D535B","Complemento de Pagos","08/06/2026","11:10:05","OIM060607E51","OLSON INTERNATIONAL DE MONTERREY","Vigente","Pago","","","Los códigos asignados para las transacciones en que intervenga ninguna moneda","","0.00","0.00","0.00","0.00","0.00","0.00","0.00","0.00","0.00","","","0.00","0.00","0.00","0.00","0.00","0.00","0.00","0.00","0.00","",""
"","6096","7526DB65-D539-46BE-9AD1-40FDAB316C06","Complemento de Pagos","08/06/2026","11:11:56","PME160830PSA","POLLMANN DE MEXICO","Vigente","Pago","","","Los códigos asignados para las transacciones en que intervenga ninguna moneda","","0.00","0.00","0.00","0.00","0.00","0.00","0.00","0.00","0.00","","","0.00","0.00","0.00","0.00","0.00","0.00","0.00","0.00","0.00","",""
"","6097","8AD7C30C-F622-4CDF-AAB1-9BD77FED1BBE","Complemento de Pagos","08/06/2026","11:14:33","XEXX010101000","SILICON CRAFT TECHNOLOGY PUBLIC COMPANY LIMITED","Vigente","Pago","","","Los códigos asignados para las transacciones en que intervenga ninguna moneda","","0.00","0.00","0.00","0.00","0.00","0.00","0.00","0.00","0.00","","","0.00","0.00","0.00","0.00","0.00","0.00","0.00","0.00","0.00","",""
"","6098","0191E720-C058-4A70-B71E-4E413685A17F","Complemento de Pagos","08/06/2026","11:16:46","XEXX010101000","LAFRANCE CORP","Vigente","Pago","","","Los códigos asignados para las transacciones en que intervenga ninguna moneda","","0.00","0.00","0.00","0.00","0.00","0.00","0.00","0.00","0.00","","","0.00","0.00","0.00","0.00","0.00","0.00","0.00","0.00","0.00","",""
"","6099","35F0C78F-50FE-4A29-80F2-22F62253DC0E","Complemento de Pagos","08/06/2026","11:19:56","XEXX010101000","ZHEJIANGKHANSWORD PRECISION MACHINERY CO LTD","Vigente","Pago","","","Los códigos asignados para las transacciones en que intervenga ninguna moneda","","0.00","0.00","0.00","0.00","0.00","0.00","0.00","0.00","0.00","","","0.00","0.00","0.00","0.00","0.00","0.00","0.00","0.00","0.00","",""
"","6100","A9D55C74-2803-4CAA-A226-D33C3EB1E621","Complemento de Pagos","08/06/2026","11:22:56","XEXX010101000","VALLOTECH","Vigente","Pago","","","Los códigos asignados para las transacciones en que intervenga ninguna moneda","","0.00","0.00","0.00","0.00","0.00","0.00","0.00","0.00","0.00","","","0.00","0.00","0.00","0.00","0.00","0.00","0.00","0.00","0.00","",""
"","6101","34446D1C-617D-45ED-A71B-6770E225D91F","Complemento de Pagos","08/06/2026","11:25:30","XEXX010101000","STRATTEC SECURITY CORPORATION","Vigente","Pago","","","Los códigos asignados para las transacciones en que intervenga ninguna moneda","","0.00","0.00","0.00","0.00","0.00","0.00","0.00","0.00","0.00","","","0.00","0.00","0.00","0.00","0.00","0.00","0.00","0.00","0.00","",""
"","6102","FF41FF82-EFF3-48C5-BB69-494E7FA0E4E9","Complemento de Pagos","08/06/2026","11:28:57","XEXX010101000","JOHNSON ELECTRIC","Vigente","Pago","","","Los códigos asignados para las transacciones en que intervenga ninguna moneda","","0.00","0.00","0.00","0.00","0.00","0.00","0.00","0.00","0.00","","","0.00","0.00","0.00","0.00","0.00","0.00","0.00","0.00","0.00","",""
"","6103","EAE118D3-23B3-4A8E-B97B-D7F29084429C","Complemento de Pagos","08/06/2026","11:32:28","XEXX010101000","SHANGHAI ZHIXIANG RUBBER AND PLASTICS CO","Vigente","Pago","","","Los códigos asignados para las transacciones en que intervenga ninguna moneda","","0.00","0.00","0.00","0.00","0.00","0.00","0.00","0.00","0.00","","","0.00","0.00","0.00","0.00","0.00","0.00","0.00","0.00","0.00","",""
"","6104","825ED2FC-FF24-4BCD-8581-18716703D697","Complemento de Pagos","08/06/2026","11:35:54","XEXX010101000","MAYFAIR PLASTICS INC","Vigente","Pago","","","Los códigos asignados para las transacciones en que intervenga ninguna moneda","","0.00","0.00","0.00","0.00","0.00","0.00","0.00","0.00","0.00","","","0.00","0.00","0.00","0.00","0.00","0.00","0.00","0.00","0.00","",""
"","6105","C12E138C-ED68-4CA0-9BBB-EC39C694CC94","Complemento de Pagos","08/06/2026","11:37:36","XEXX010101000","REELL PRECISION","Vigente","Pago","","","Los códigos asignados para las transacciones en que intervenga ninguna moneda","","0.00","0.00","0.00","0.00","0.00","0.00","0.00","0.00","0.00","","","0.00","0.00","0.00","0.00","0.00","0.00","0.00","0.00","0.00","",""
"","6106","4071995D-C7FA-48C2-BFFF-5BBEF10B116F","Complemento de Pagos","09/06/2026","06:40:24","XEXX010101000","JMS ENGINEERED PLASTICS","Vigente","Pago","","","Los códigos asignados para las transacciones en que intervenga ninguna moneda","","0.00","0.00","0.00","0.00","0.00","0.00","0.00","0.00","0.00","","","0.00","0.00","0.00","0.00","0.00","0.00","0.00","0.00","0.00","",""
"","6107","2748E022-AD86-4243-BFF9-E4DFAB1F7E56","Complemento de Pagos","09/06/2026","06:46:36","XEXX010101000","ATLANTIC SINTERED","Vigente","Pago","","","Los códigos asignados para las transacciones en que intervenga ninguna moneda","","0.00","0.00","0.00","0.00","0.00","0.00","0.00","0.00","0.00","","","0.00","0.00","0.00","0.00","0.00","0.00","0.00","0.00","0.00","",""
"","6108","BEFC9364-F7F8-4F99-8B11-647328A82ACE","Complemento de Pagos","09/06/2026","06:49:47","XEXX010101000","NINGBO KEPO ELECTRONICS CO","Vigente","Pago","","","Los códigos asignados para las transacciones en que intervenga ninguna moneda","","0.00","0.00","0.00","0.00","0.00","0.00","0.00","0.00","0.00","","","0.00","0.00","0.00","0.00","0.00","0.00","0.00","0.00","0.00","",""
"","6109","B84A6D5D-D266-44C4-A119-9B81875C85DA","Complemento de Pagos","09/06/2026","06:51:51","XEXX010101000","FAWN NEWTEC LTD","Vigente","Pago","","","Los códigos asignados para las transacciones en que intervenga ninguna moneda","","0.00","0.00","0.00","0.00","0.00","0.00","0.00","0.00","0.00","","","0.00","0.00","0.00","0.00","0.00","0.00","0.00","0.00","0.00","",""
"","6110","3A860D45-34D4-4F66-8999-9F800327CB7E","Complemento de Pagos","09/06/2026","06:54:06","XEXX010101000","CGR TRANSILVANIA","Vigente","Pago","","","Los códigos asignados para las transacciones en que intervenga ninguna moneda","","0.00","0.00","0.00","0.00","0.00","0.00","0.00","0.00","0.00","","","0.00","0.00","0.00","0.00","0.00","0.00","0.00","0.00","0.00","",""
"","6111","F2D48F1B-1ADA-46D0-9079-9905F635FFB4","Complemento de Pagos","09/06/2026","07:00:09","XEXX010101000","VALLOTECH","Vigente","Pago","","","Los códigos asignados para las transacciones en que intervenga ninguna moneda","","0.00","0.00","0.00","0.00","0.00","0.00","0.00","0.00","0.00","","","0.00","0.00","0.00","0.00","0.00","0.00","0.00","0.00","0.00","",""
"","6112","AD4ED181-2379-4D7E-A4E8-247C5E0BAB16","Complemento de Pagos","09/06/2026","07:09:27","XEXX010101000","FORTEQ NORTH AMERICA","Vigente","Pago","","","Los códigos asignados para las transacciones en que intervenga ninguna moneda","","0.00","0.00","0.00","0.00","0.00","0.00","0.00","0.00","0.00","","","0.00","0.00","0.00","0.00","0.00","0.00","0.00","0.00","0.00","",""
"","6113","747C9F76-C993-4089-8A8D-FA479B9634DB","Complemento de Pagos","09/06/2026","07:14:46","XEXX010101000","SHIN-ETSU POLYMER AMERICA INC","Vigente","Pago","","","Los códigos asignados para las transacciones en que intervenga ninguna moneda","","0.00","0.00","0.00","0.00","0.00","0.00","0.00","0.00","0.00","","","0.00","0.00","0.00","0.00","0.00","0.00","0.00","0.00","0.00","",""
"","6114","5C847600-1387-4893-ACDB-BFAA44DCCE63","Complemento de Pagos","09/06/2026","07:17:44","XEXX010101000","MAYFAIR PLASTICS INC","Vigente","Pago","","","Los códigos asignados para las transacciones en que intervenga ninguna moneda","","0.00","0.00","0.00","0.00","0.00","0.00","0.00","0.00","0.00","","","0.00","0.00","0.00","0.00","0.00","0.00","0.00","0.00","0.00","",""
"","6115","35CBED74-02D1-4B51-A85B-DD9F3CB50522","Complemento de Pagos","09/06/2026","07:20:29","XEXX010101000","APEX  SPRING & STAMPING","Vigente","Pago","","","Los códigos asignados para las transacciones en que intervenga ninguna moneda","","0.00","0.00","0.00","0.00","0.00","0.00","0.00","0.00","0.00","","","0.00","0.00","0.00","0.00","0.00","0.00","0.00","0.00","0.00","",""
"","6116","7113347E-5597-4340-9E52-2B01CB6E67C7","Complemento de Pagos","09/06/2026","07:23:24","XEXX010101000","SUNWAY PRECISION INDUSTRIES","Vigente","Pago","","","Los códigos asignados para las transacciones en que intervenga ninguna moneda","","0.00","0.00","0.00","0.00","0.00","0.00","0.00","0.00","0.00","","","0.00","0.00","0.00","0.00","0.00","0.00","0.00","0.00","0.00","",""
"","6117","FFE8D4F1-A3BC-4CD6-96BE-C8797515C0DE","Complemento de Pagos","09/06/2026","07:27:00","XEXX010101000","IKD FOEHL PRECISION TECHNOLOGY (JIANGSU) CO LTD","Vigente","Pago","","","Los códigos asignados para las transacciones en que intervenga ninguna moneda","","0.00","0.00","0.00","0.00","0.00","0.00","0.00","0.00","0.00","","","0.00","0.00","0.00","0.00","0.00","0.00","0.00","0.00","0.00","",""
"","6118","5B4572BE-1376-4105-A86F-36A9C1E833C1","Factura","09/06/2026","08:23:33","XEXX010101000","EJOT ATF LP","Vigente","REM 173/2026 QUOTE 149/2026 INSPECTION ON PN 4342166AA DUE MATERIAL INSIDE THE RFECESS MODIFIED SORTING METHOD ONLY WITH THE TORX BIT  181197 PIECES","Por definir","Pago en parcialidades o diferido","Dolar americano","18.80","2536.76","0.00","0.00","0.00","0.00","0.00","0.00","0.00","2536.76","","","47691.09","0.00","0.00","0.00","0.00","0.00","0.00","0.00","47691.09","",""
"","6119","BBC13B12-03D6-49CB-9772-915DCDDA6F35","Factura","09/06/2026","08:40:27","XEXX010101000","ADDISON FASTENERS","Vigente","PO ADP13413 REM 204/2026 REM 210/2026 QUOTE 204/2026 QUOTE 158/206 VISUAL INSPECTION ON PN 9400-3463.000 (12359HPS) KNURL DIAMETER IS UNDERSIZE 06.34/16 PARTS HAVE 06.083 14900 PIECES","Por definir","Pago en parcialidades o diferido","Dolar americano","18.80","670.50","0.00","0.00","0.00","0.00","0.00","0.00","0.00","670.50","","","12605.40","0.00","0.00","0.00","0.00","0.00","0.00","0.00","12605.40","",""
"","6120","901C1944-C7EC-4861-85F9-83E2133A33BD","Factura","09/06/2026","08:57:30","ISP110614EX3","INTERAUTO SUNSHADE AND PLASTIC DIVISION","Vigente","PO 2508 REM 219/2026 QUOTE 145/2026 INSPECTION ON PN PAM0065215 CENTER BRACKET, FLASHES AND BURRS ON SCREWING HOLES  1427 PIECES","Por definir","Pago en parcialidades o diferido","Peso Mexicano","","10000.00","0.00","0.00","1600.00","0.00","0.00","0.00","0.00","11600.00","","","10000.00","0.00","0.00","1600.00","0.00","0.00","0.00","0.00","11600.00","",""
"","6121","2776024B-8970-4C4D-85A6-202596005DFD","Factura","09/06/2026","09:01:10","XEXX010101000","STONE PLASTICS","Vigente","REM 226/2026 QUOTE 216/2026 INSPECTION ON PNS 4922-1003.000 & 4922-2003.000 DUE LABELED INCORRECTLY THE RIGHT HAND ANDE LEFT HAND LABELS ARE SWITCHED 24000 PIECES","Por definir","Pago en parcialidades o diferido","Dolar americano","18.80","600.00","0.00","0.00","0.00","0.00","0.00","0.00","0.00","600.00","","","11280.00","0.00","0.00","0.00","0.00","0.00","0.00","0.00","11280.00","",""
"","6122","B36BB0F9-57CB-4DDD-A379-A65F7B0993F0","Factura","09/06/2026","09:05:20","XEXX010101000","STONE PLASTICS","Cancelado","REM 226/2026 QUOTE 216/2026 INSPECTION ON PNS 4922-1003.000 & 4922-2003.000 DUE LABELED INCORRECTLY THE RIGHT HAND AND LEFT HAND LABELS ARE SWITHCED 24000 PIECES","Por definir","Pago en parcialidades o diferido","","18.80","0.00","0.00","0.00","0.00","0.00","0.00","0.00","0.00","0.00","","","0.00","0.00","0.00","0.00","0.00","0.00","0.00","0.00","0.00","",""
"","6123","06FBDD4D-8E31-442C-9AB8-F9C89B9619F3","Factura","09/06/2026","09:07:36","XEXX010101000","APEX  SPRING & STAMPING","Vigente","REM 228/2026 QUOTE 212/2026 INSPECTION ON PN 9400-3383.001 LOT A-64B DUE MIXED PARTS 45,000 PIECES","Por definir","Pago en parcialidades o diferido","Dolar americano","20.91","1350.00","0.00","0.00","0.00","0.00","0.00","0.00","0.00","1350.00","","","28228.50","0.00","0.00","0.00","0.00","0.00","0.00","0.00","28228.50","",""
"","6124","D82D3615-20FB-4A72-9076-5D8E4CA40FFC","Factura","09/06/2026","09:08:47","XEXX010101000","EJOT ATF LP","Vigente","REM 229/2026 QUOTE 167/2026 INSPECTION ON PN 4342166AA DUE MATERIAL INSIDE THE RECESS, MODIFIED SORTING METHOD ONLY WITH THE TORX BIT 139240 PIECES","Por definir","Pago en parcialidades o diferido","Dolar americano","18.80","1949.36","0.00","0.00","0.00","0.00","0.00","0.00","0.00","1949.36","","","36647.97","0.00","0.00","0.00","0.00","0.00","0.00","0.00","36647.97","",""
"","6125","4E839DB7-D05A-4B2E-BDBB-600ABB88D822","Factura","09/06/2026","09:12:04","XEXX010101000","SHANGHAI JIAHENG INDUSTRIAL CO LTD","Vigente","REM 239/2026 QUOTE 213/2026 VISUAL INSPECTION ON PN M0021813-A TO VERITY PRESSENCE OF PORES INSIDE THE ORIFFICE (POROSITY) 12338 PIECES","Por definir","Pago en parcialidades o diferido","Dolar americano","18.80","1850.70","0.00","0.00","0.00","0.00","0.00","0.00","0.00","1850.70","","","34793.16","0.00","0.00","0.00","0.00","0.00","0.00","0.00","34793.16","",""
"","6126","B0ADA83C-F607-4797-A2FC-05005D380061","Factura","09/06/2026","09:14:11","XEXX010101000","SUNWAY PRECISION INDUSTRIES","Vigente","REM 246/2026 QUOTE 195/2026 MANUAL INSPECTION ON SEPARATORS PN 4832386AB & 4832387AB DUE CANNOT BE ASSEMBLED ON UPPER HOUSING  37200 PIECES","Por definir","Pago en parcialidades o diferido","Dolar americano","20.91","1302.00","0.00","0.00","0.00","0.00","0.00","0.00","0.00","1302.00","","","27224.82","0.00","0.00","0.00","0.00","0.00","0.00","0.00","27224.82","",""
"","6127","3B00BC1E-3CA6-43A6-8E12-EFF5E482BEEB","Factura","09/06/2026","09:16:08","XEXX010101000","VALLOTECH","Vigente","REM 247/2026 QUOTE 231/2026 INSPECTION ON PN 42003236/03 FIR BLADE DAMAGE AT PHINIA  DELIVERY 157054225 PCI8129V2 3648 PIECES","Por definir","Pago en parcialidades o diferido","Dolar americano","20.440200","450.00","0.00","0.00","0.00","0.00","0.00","0.00","0.00","450.00","","","9198.09","0.00","0.00","0.00","0.00","0.00","0.00","0.00","9198.09","",""
"","6128","B396F359-D3B4-47E9-9167-2CF2FBAF8B54","Factura","09/06/2026","09:20:02","XEXX010101000","WUXI MODA TECHNOLOGY CO","Vigente","REM 254/2026 QUOTE 177/2026 INSPECTION ON PN 28638613 FOR PRESENCE OF BUBBLE IN PORT  5312 PIECES","Por definir","Pago en parcialidades o diferido","Dolar americano","18.80","850.00","0.00","0.00","0.00","0.00","0.00","0.00","0.00","850.00","","","15980.00","0.00","0.00","0.00","0.00","0.00","0.00","0.00","15980.00","",""
"","6129","634D2CD0-A7FA-4533-941D-3174B147BA0A","Factura","09/06/2026","09:23:56","XEXX010101000","WITTE NEJDEK SPOL SRO","Vigente","REM 255/2026 QUOTE 103/2026 INSPECTION ON PN 4610222AB FOR SPRING OUT OF SPECIFICATION  30561 PIECES","Por definir","Pago en parcialidades o diferido","Dolar americano","20.99","855.71","0.00","0.00","0.00","0.00","0.00","0.00","0.00","855.71","","","17961.35","0.00","0.00","0.00","0.00","0.00","0.00","0.00","17961.35","",""
"","6130","7107ABE1-5ECC-461E-B9BE-17193639AC0D","Factura","09/06/2026","09:28:34","XEXX010101000","SHANGHAI ZHIXIANG RUBBER AND PLASTICS CO","Vigente","REM 256/2026 QUOTE 173/2026 INSPECTION ON PN 4844281AA, 4844284AA, 4844285AA FOR WHITE STAIN ON KEYPAD 122471 PIECES","Por definir","Pago en parcialidades o diferido","Dolar americano","18.80","3674.13","0.00","0.00","0.00","0.00","0.00","0.00","0.00","3674.13","","","69073.64","0.00","0.00","0.00","0.00","0.00","0.00","0.00","69073.64","",""
"","6131","F11BFE33-CA3F-46E8-B156-DEF66E96CB7A","Factura","09/06/2026","09:33:15","DME991005582","PLASTIBELL MEXICO NORTH","Vigente","PO26506-19 REM 257/2026 QUOTE 236/2026 INSPECTION ON PN 5131341-3 FOR THREAD OUT OF SPEC 1060 PIECES","Por definir","Pago en parcialidades o diferido","Peso Mexicano","","9000.00","0.00","0.00","1440.00","0.00","0.00","0.00","0.00","10440.00","","","9000.00","0.00","0.00","1440.00","0.00","0.00","0.00","0.00","10440.00","",""
"","6132","0FF4792B-A652-405F-B0D2-43ECBF80D113","Factura","09/06/2026","09:39:53","XEXX010101000","SHANGHAI JIAHENG INDUSTRIAL CO LTD","Vigente","REM 258/2026 QUOTE 233/2026 VISUAL INSPECTION ON PN M00021813-A TO VERIFY PRESSEWNCE OF PORES INSIDE THE ORIFFICE POROSITY  19440 PIECES","Por definir","Pago en parcialidades o diferido","Dolar americano","18.80","2916.00","0.00","0.00","0.00","0.00","0.00","0.00","0.00","2916.00","","","54820.80","0.00","0.00","0.00","0.00","0.00","0.00","0.00","54820.80","",""
"","6133","DDD1AD0F-21EC-461D-906D-2B84E763B6D6","Factura","09/06/2026","09:43:03","XEXX010101000","ZHEJIANG FEIDA PRECISION MANUFACTURING CO LTD","Vigente","REM 259/2026 QUOTE 171/2026 INSPECTION ON PN M0080977 SHAFTS HEIGHT DIMENSION OUT OF SPEC 3606 PIECES","Por definir","Pago en parcialidades o diferido","Dolar americano","19.267000","600.00","0.00","0.00","0.00","0.00","0.00","0.00","0.00","600.00","","","11560.20","0.00","0.00","0.00","0.00","0.00","0.00","0.00","11560.20","",""
"","6134","F16513C5-653D-47A4-A8A4-A73BA2BDF539","Factura","09/06/2026","09:44:40","XEXX010101000","JOHNSON ELECTRIC","Cancelado","REM 261/2026 QUOTE 224/2026 VISUAL INSPECTION ON PN 5936551AJ FOR DAMAGED WORM  39168 PIECES","Por definir","Pago en parcialidades o diferido","","20.30","0.00","0.00","0.00","0.00","0.00","0.00","0.00","0.00","0.00","","","0.00","0.00","0.00","0.00","0.00","0.00","0.00","0.00","0.00","",""
"","6135","88ED4548-E234-40E9-BBDC-226191911DC8","Factura","15/06/2026","09:21:03","XEXX010101000","JOHNSON ELECTRIC","Vigente","REM 261/2026 QUOTE 224/2026 VISUAL INSPECTION ON PN 5936551AJ FOR DAMAGED WORM  29,369 PIECES","Por definir","Pago en parcialidades o diferido","Dolar americano","20.30","969.18","0.00","0.00","0.00","0.00","0.00","0.00","0.00","969.18","","","19674.35","0.00","0.00","0.00","0.00","0.00","0.00","0.00","19674.35","",""
"","6136","44F1AA9E-C4E2-422B-99E3-F05C4775FDDD","Factura","17/06/2026","06:43:18","JSS981210P91","JFE SHOJI STEEL DE MEXICO","Vigente","rem 276 Inpeccion de Calidad en el NP M0051209-1  for stator contamination 18 may 2026  8 hrs 19 may 2026 16 hrs 20 may 2026 16 hrs 21 may 2026 16 hrs 22 may 2026 16 hrs 25 may 2026 25.5 hrs 26 may 2026 8.5 hrs 27 may 2026 49.5 hrs 05 jun 2026  49.5 hrs 07 jun 2026  16 hrs  total horas 221","Por definir","Pago en parcialidades o diferido","Peso Mexicano","","44200.00","0.00","0.00","3536.00","0.00","0.00","0.00","0.00","47736.00","","","44200.00","0.00","0.00","3536.00","0.00","0.00","0.00","0.00","47736.00","",""
"","6137","617FFC5D-B895-40E7-AD42-3DCB5617EC13","Factura","17/06/2026","07:51:26","PAM0405207T0","VALEO TELEMATICA Y ACUSTICA","Vigente","REMISION 0277/2026 VISUAL INSPECTION ON PN S000046344, S000046346, E1136083, E1136092 for knock, stain y burbble at valeo  Jun 01th  - Jun 07th 2026 161  HOURS","Por definir","Pago en parcialidades o diferido","Peso Mexicano","","30590.00","0.00","0.00","2447.20","0.00","0.00","0.00","0.00","33037.20","","","30590.00","0.00","0.00","2447.20","0.00","0.00","0.00","0.00","33037.20","",""
"","6138","0515E4E3-5D4C-4DB0-B62C-AC430B6E1634","Factura","17/06/2026","07:52:31","PAM0405207T0","VALEO TELEMATICA Y ACUSTICA","Vigente","REMISION 0278/2026 ALMACEN VALEO  JUN 01TH -JUN 07TH 2026 36 HOURS 1ER  TURNO","Por definir","Pago en parcialidades o diferido","Peso Mexicano","","6840.00","0.00","0.00","547.20","0.00","0.00","0.00","0.00","7387.20","","","6840.00","0.00","0.00","547.20","0.00","0.00","0.00","0.00","7387.20","",""
"","6139","9A848BFF-BA1D-41EC-BE28-7A8CD807F3D9","Factura","17/06/2026","07:54:09","PAM0405207T0","VALEO TELEMATICA Y ACUSTICA","Vigente","REMISION 0279/2026 CLUSTER AREA  VALEO  JUN 01TH -JUN 07TH 2026 54 HOURS 1ER  TURNO","Por definir","Pago en parcialidades o diferido","Peso Mexicano","","10260.00","0.00","0.00","820.80","0.00","0.00","0.00","0.00","11080.80","","","10260.00","0.00","0.00","820.80","0.00","0.00","0.00","0.00","11080.80","",""
"","6140","34553C04-08EB-49B9-B1B9-AD4E138B7614","Factura","17/06/2026","07:56:01","PAM0405207T0","VALEO TELEMATICA Y ACUSTICA","Vigente","REMISION 0280/2026 VISUAL INSPECTION ON PN S000046344, S000046346, E1136083, E1136092 for knock, stain y burbble at valeo  Jun 08th  - Jun 14th 2026 170  HOURS","Por definir","Pago en parcialidades o diferido","Peso Mexicano","","32300.00","0.00","0.00","2584.00","0.00","0.00","0.00","0.00","34884.00","","","32300.00","0.00","0.00","2584.00","0.00","0.00","0.00","0.00","34884.00","",""
"","6141","AB011B36-496A-471E-B17C-A884F86A4009","Factura","17/06/2026","07:56:47","PAM0405207T0","VALEO TELEMATICA Y ACUSTICA","Vigente","REMISION 0281/2026 ALMACEN VALEO  JUN 07TH -JUN 14TH 2026 36 HOURS 1ER  TURNO","Por definir","Pago en parcialidades o diferido","Peso Mexicano","","6840.00","0.00","0.00","547.20","0.00","0.00","0.00","0.00","7387.20","","","6840.00","0.00","0.00","547.20","0.00","0.00","0.00","0.00","7387.20","",""
"","6142","DBF6EA02-C997-4436-BA02-EAE940124A0A","Factura","17/06/2026","07:57:48","PAM0405207T0","VALEO TELEMATICA Y ACUSTICA","Vigente","REMISION 0282/2026 CLUSTER AREA  VALEO  JUN 07TH -JUN 14TH 2026 81 HOURS 1ER  TURNO","Por definir","Pago en parcialidades o diferido","Peso Mexicano","","15390.00","0.00","0.00","1231.20","0.00","0.00","0.00","0.00","16621.20","","","15390.00","0.00","0.00","1231.20","0.00","0.00","0.00","0.00","16621.20","",""
"","6143","34AD655E-30CC-4C93-88BB-6110EF1F09E9","Factura","17/06/2026","08:56:47","ISP110614EX3","INTERAUTO SUNSHADE AND PLASTIC DIVISION","Vigente","PO 2585 REM 262/2026 QUOTE 0227/2026 INSPECTION ON PN PAM0065215 FOR INCORRECT ASSEMBLY HOLES ARE OUT SPECIFICATION, REQUERED TOOL WILL B E PROVIDED BY MARELLI AS GO NO GO TO PERFORM THIS INSPECTION  1200 PIECES","Por definir","Pago en parcialidades o diferido","Peso Mexicano","","10000.00","0.00","0.00","1600.00","0.00","0.00","0.00","0.00","11600.00","","","10000.00","0.00","0.00","1600.00","0.00","0.00","0.00","0.00","11600.00","",""
"","6144","5065466D-1AF8-4679-AD6C-8AC927202DE3","Factura","17/06/2026","09:08:09","XEXX010101000","METALKRAFT INDUSTRIES","Vigente","REM 0264/2026 QUOTE 0161/2026 INSPECTION ON INSERT ON PN 4130109AC FOR MISSING INTERNAL THREAD  65100 PIECES","Por definir","Pago en parcialidades o diferido","Dolar americano","20.91","1627.50","0.00","0.00","0.00","0.00","0.00","0.00","0.00","1627.50","","","34031.03","0.00","0.00","0.00","0.00","0.00","0.00","0.00","34031.03","",""
"","6145","AD3581FB-D7E1-4860-B62D-09ED173F9F1E","Factura","17/06/2026","09:11:23","XEXX010101000","LITE-ON SINGAPORE PTE LTD","Vigente","Rem 266/2026 QUOTE 248/2026 VISUAL INSPECTION ON ONS PGG0005527AD/ PGG0005528AD FOR WRONG CONNECTOR  2256 PIECES","Por definir","Pago en parcialidades o diferido","Dolar americano","20.81","950.00","0.00","0.00","0.00","0.00","0.00","0.00","0.00","950.00","","","19769.50","0.00","0.00","0.00","0.00","0.00","0.00","0.00","19769.50","",""
"","6146","A805DF3F-A38D-4FA9-9ED5-9772B33678EE","Factura","17/06/2026","09:16:39","XEXX010101000","NIDEC MOBILITY AMERICA","Vigente","REM 0269/2026 QUOTE 061/2026 INSPECTION ON PN 5925718AB FOR EXPOSED THREAD AT STRATTEC 47359 PIECES","Por definir","Pago en parcialidades o diferido","Dolar americano","20.82","7103.85","0.00","0.00","0.00","0.00","0.00","0.00","0.00","7103.85","","","147902.16","0.00","0.00","0.00","0.00","0.00","0.00","0.00","147902.16","",""
"","6147","AF50A4F1-D45D-47F7-9CE6-A2D5C32981BD","Factura","17/06/2026","09:18:56","XEXX010101000","SHANGHAI JIAHENG INDUSTRIAL CO LTD","Vigente","REM 272/2026 QUOTE 0247/2026 VISUAL INSPECTION ON PN M00129789 DUE LACK OF MACHINE 19305 PIECES","Por definir","Pago en parcialidades o diferido","Dolar americano","18.80","2895.75","0.00","0.00","0.00","0.00","0.00","0.00","0.00","2895.75","","","54440.10","0.00","0.00","0.00","0.00","0.00","0.00","0.00","54440.10","",""
"","6148","9DCA1D87-AC15-452D-893E-0CC7158A776A","Factura","17/06/2026","09:21:30","XEXX010101000","LEGGET & PLATT CANADA CO","Vigente","REM 273/2026 QUOTE 235/2026 100% VISUAL INSPECTION 261301DG & 26131DR DUE 3.7 MM DIMMENSION USING THE CUSTOMER ASSEMBLY COUNTERPART STRATTEC TO PROVIDE AS GO/NO GO GAUGE 10200 PIECES INSPECTED","Por definir","Pago en parcialidades o diferido","Dolar americano","18.80","600.00","0.00","0.00","0.00","0.00","0.00","0.00","0.00","600.00","","","11280.00","0.00","0.00","0.00","0.00","0.00","0.00","0.00","11280.00","",""
"","6149","BE2E9809-3EAC-4FEC-98AF-BE49EB437291","Factura","17/06/2026","09:25:07","XEXX010101000","SHANGHAI ZHIXIANG RUBBER AND PLASTICS CO","Vigente","REM 274/2026 QUOTE 209 INSPECTION ON PNS 4844280AA/4844281AA/4844284AA FOR WHITE STAIN ON KEYPAD 81340 PIECES","Por definir","Pago en parcialidades o diferido","Dolar americano","18.80","2440.20","0.00","0.00","0.00","0.00","0.00","0.00","0.00","2440.20","","","45875.76","0.00","0.00","0.00","0.00","0.00","0.00","0.00","45875.76","",""
"","6150","9D9767BF-8EB9-461F-BE55-A86EE6CBC207","Factura","17/06/2026","09:45:45","XEXX010101000","TOMKEN PLASTIC TECHNOLOGIES","Vigente","REM 283/2026 QUOTE 222/2026 VISUAL INSPECTION ON PN 9400t2670.001 calbe tip sort for bubble, flas plus any others defects such as short shot, flash, contamination, gas burn, splay, mold flow marks, etc 3000 pieces","Por definir","Pago en parcialidades o diferido","Dolar americano","18.80","450.00","0.00","0.00","0.00","0.00","0.00","0.00","0.00","450.00","","","8460.00","0.00","0.00","0.00","0.00","0.00","0.00","0.00","8460.00","",""
"","6151","51F5C13E-0869-4B40-AB83-DF36BC774978","Factura","17/06/2026","09:48:48","XEXX010101000","SUNWAY PRECISION INDUSTRIES","Vigente","REM 284/2026 QUOTE 178/2026 INSPECTION ON PNS 4832368AC/4832369AC FOR FLASH  2800 PIECES","Por definir","Pago en parcialidades o diferido","Dolar americano","20.91","450.00","0.00","0.00","0.00","0.00","0.00","0.00","0.00","450.00","","","9409.50","0.00","0.00","0.00","0.00","0.00","0.00","0.00","9409.50","",""
"","6152","3FACF202-AC45-4B60-AFA8-F40C152BC158","Factura","17/06/2026","11:47:28","XEXX010101000","STRATTEC SECURITY CORPORATION","Cancelado","PO 283656 QUOTE 244/2026 INSPECTION ON 5947267AA FOR THREADED ON BOTH ENDS, SCANNABLE CODE, IMPACT WITH SINKING, CURVED, PART WITOUT GREASE AND PACKING ITEMS INTO BOXES 2940 PIECES","Por definir","Pago en parcialidades o diferido","","20.30","0.00","0.00","0.00","0.00","0.00","0.00","0.00","0.00","0.00","","","0.00","0.00","0.00","0.00","0.00","0.00","0.00","0.00","0.00","",""
"","6153","D17C4830-4BFD-4637-8132-350EC7EAFC8E","Factura","22/06/2026","09:02:42","ASM070207PB0","ADAC STRATTEC DE MEXICO","Cancelado","PO 282177 QUOTE 163/2026 PERFORM A VISUAL INSPECTION TO VERIFITY THAT THE BOARD DOES NOT PRESENT EXCESS FLUX RESIDUES  247289 PIECES","Por definir","Pago en parcialidades o diferido","","17.3638","0.00","0.00","0.00","0.00","0.00","0.00","0.00","0.00","0.00","","","0.00","0.00","0.00","0.00","0.00","0.00","0.00","0.00","0.00","",""
"","6154","16CD14F8-1033-482D-930C-4F6862B10933","Factura","22/06/2026","09:09:28","XEXX010101000","ADAC STRATTEC LLC","Vigente","PO 283839 QUOTE 259/2026 QUOTE 234/2026 QUOTE 215/2026 INSPECTION ON PN 9410-0857.001 FOR EXCESS OF FLUX","Por definir","Pago en parcialidades o diferido","Dolar americano","17.3638","3372.10","0.00","0.00","0.00","0.00","0.00","0.00","0.00","3372.10","","","58552.47","0.00","0.00","0.00","0.00","0.00","0.00","0.00","58552.47","",""
"","6155","B3776FE3-EAAC-47EC-B3D3-51DFB1F15EF1","Factura","22/06/2026","09:19:32","XEXX010101000","ADAC STRATTEC LLC","Vigente","PO 283840 QUOTE 215/2026 INSPECTION ON PN 9410-0857.001 FOR EXCESS OF FLUX 57914 PIECES","Por definir","Pago en parcialidades o diferido","Dolar americano","17.3638","1853.25","0.00","0.00","0.00","0.00","0.00","0.00","0.00","1853.25","","","32179.46","0.00","0.00","0.00","0.00","0.00","0.00","0.00","32179.46","",""
"","6156","DBF6C02F-3057-4DED-9598-031B9F18CB32","Factura","22/06/2026","09:21:31","WPM050505IV4","SCHERDEL WIESAUPLAST DE MEXICO","Vigente","PO 123221 REM 263/2026 QUOTE 245/2026 INSPECTION OF THE NP AAA909216000 FOR HSG OUT SPECIFICATION  3774 PIECES","Por definir","Pago en parcialidades o diferido","Peso Mexicano","","8500.00","0.00","0.00","1360.00","0.00","0.00","0.00","0.00","9860.00","","","8500.00","0.00","0.00","1360.00","0.00","0.00","0.00","0.00","9860.00","",""
"","6157","A3962CD1-ECD7-4920-9748-34B84D5CAA41","Factura","22/06/2026","09:23:59","TIA981230US5","MARELLI AUTOMOTIVE LIGHTING JUAREZ MEXICO","Vigente","PO 2000134091 QUOTE 121/2026 QUOTE 184/2026 VISUAL INSPECTION ON PNS CN0800049400, CN0800049500, CN0800049600, CN0800049700 TO CONFIRM THE PRESENCE OF ALL CORRESPONDING COMPONENTS TO BE ON THE BOARD","Por definir","Pago en parcialidades o diferido","Dolar americano","18.80","5564.00","0.00","0.00","445.12","0.00","0.00","0.00","0.00","6009.12","","","104603.20","0.00","0.00","8368.26","0.00","0.00","0.00","0.00","112971.46","",""
"","6158","3A1717BE-327B-4689-BF96-51821B5D637E","Factura","25/06/2026","11:05:22","ASM070207PB0","ADAC STRATTEC DE MEXICO","Cancelado","PO 282177 QUOTE 163/2026 PERFORM A VISUAL INSPECTION TO VERIFITY THAT THE BOARD DOES NOT PRESENT EXCESS FLUX RESIDUES  247289 PIECES","Por definir","Pago en parcialidades o diferido","","17.3638","0.00","0.00","0.00","0.00","0.00","0.00","0.00","0.00","0.00","","","0.00","0.00","0.00","0.00","0.00","0.00","0.00","0.00","0.00","",""
"","6159","7A02387F-9475-4506-BC6E-0AD178FC62D4","Factura","25/06/2026","13:05:42","ASM070207PB0","ADAC STRATTEC DE MEXICO","Vigente","PO 282177 QUOTE 163/2026 PERFORM A VISUAL INSPECTION TO VERIFITY THAT THE BOARD DOES NOT PRESENT EXCESS FLUX RESIDUES  247289 PIECES","Por definir","Pago en parcialidades o diferido","Dolar americano","17.5505","7944.09","0.00","0.00","1271.05","0.00","0.00","0.00","0.00","9215.14","","","139422.75","0.00","0.00","22307.56","0.00","0.00","0.00","0.00","161730.31","",""
"","6160","1D13FB33-4027-46B3-8B09-A50693A9C68A","Factura","25/06/2026","15:29:16","XEXX010101000","JOHNSON ELECTRIC","Vigente","QUOTE  253/2026 INSPECCION ON PN 5936551AJ FOR APPLY POWER TO THE MOTOR AND VERIFY HAT IT ROTATES FREELY","Por definir","Pago en parcialidades o diferido","Dolar americano","20.30","1450.00","0.00","0.00","0.00","0.00","0.00","0.00","0.00","1450.00","","","29435.00","0.00","0.00","0.00","0.00","0.00","0.00","0.00","29435.00","",""
"","6161","F78F7EDA-7CE6-4ADF-A473-CE1A3707FEE5","Factura","29/06/2026","06:39:20","XEXX010101000","STRATTEC POWER ACCESS LLC","Vigente","PO 283656 QUOTE 244/2026 INSPECTION ON 5947267AA FOR THREADED ON BOTH ENDS, SCANNABLE CODE, IMPACT WITH SINKING, CURVED, PART WITOUT GREASE AND PACKING ITEMS INTO BOXES 2940 PIECES","Por definir","Pago en parcialidades o diferido","Dolar americano","17.5260","450.00","0.00","0.00","0.00","0.00","0.00","0.00","0.00","450.00","","","7886.70","0.00","0.00","0.00","0.00","0.00","0.00","0.00","7886.70","",""
"","6162","A9A3BC41-ADFA-4B6D-BCA5-1DAD576692A7","Factura","29/06/2026","09:51:22","XEXX010101000","JOHNSON ELECTRIC","Vigente","QUOTE  253/2026 INSPECCION ON PN 5936551AJ FOR APPLY POWER TO THE MOTOR AND VERIFY HAT IT ROTATES FREELY","Por definir","Pago en parcialidades o diferido","Dolar americano","20.30","2004.50","0.00","0.00","0.00","0.00","0.00","0.00","0.00","2004.50","","","40691.35","0.00","0.00","0.00","0.00","0.00","0.00","0.00","40691.35","",""
"","6163","FB53468B-5D28-4B14-8F4C-9286684AD7E8","Factura","29/06/2026","09:53:26","XEXX010101000","EJOT ATF LP","Vigente","REM 141/2026 QUOTE 139/2026 VISUAL INSPECTION ON PN 4339834AB (P3148065-1) FOR PARTS MISSING PATCH (MISSING LOCTITE)  30,600 PIECES","Por definir","Pago en parcialidades o diferido","Dolar americano","18.80","450.00","0.00","0.00","0.00","0.00","0.00","0.00","0.00","450.00","","","8460.00","0.00","0.00","0.00","0.00","0.00","0.00","0.00","8460.00","",""
"","6164","3DD744B3-4041-4BFB-8A1E-D8FD019709CD","Factura","29/06/2026","09:56:32","XEXX010101000","VALLOTECH","Vigente","REM 254/2026 QUOTE 242/2026 INSPECTION ON PN 42003236/03 FOR BLADE DAMAGE AT PHINIA  DELIVERY 157054244 PCI8129V2 3648 PIECES","Por definir","Pago en parcialidades o diferido","Dolar americano","20.440200","450.00","0.00","0.00","0.00","0.00","0.00","0.00","0.00","450.00","","","9198.09","0.00","0.00","0.00","0.00","0.00","0.00","0.00","9198.09","",""
"","6165","A4F7E115-D37A-4809-990C-93BAC5DC8050","Factura","29/06/2026","10:17:43","SMI160627HX6","SISTEMAS MECATRONICOS INTICA","Vigente","REM 260/2026 QUOTE 174/2026 VISUAL INSPECTION ON PNS 9410-0922.000, 9410-0923.000 & 9410-0924.000 FOR PRESENCE OF LASER MARK D OR SPILLED POTTING ON ANTENNA ( A MAGNIFYING GLASS IS REQUIRED) 36302 PIECES","Por definir","Pago en parcialidades o diferido","Peso Mexicano","","25411.40","0.00","0.00","4065.82","0.00","0.00","0.00","0.00","29477.22","","","25411.40","0.00","0.00","4065.82","0.00","0.00","0.00","0.00","29477.22","",""
"","6166","AB242A36-68B4-4426-8B97-850EAF48566E","Factura","29/06/2026","10:28:32","SMI160627HX6","SISTEMAS MECATRONICOS INTICA","Vigente","REM 270/2026 QUOTE 193/2026 VISUAL INSPECTION ON PNS 9410-0922.000, 9410-0923.000 FOR PRESENCE OF LASER MARK D OR SPILLED POTTING ON ANTENNA ( A MAGNIFYING GLASS IS REQUIRED) 24614 PIECES","Por definir","Pago en parcialidades o diferido","Peso Mexicano","","17229.80","0.00","0.00","2756.77","0.00","0.00","0.00","0.00","19986.57","","","17229.80","0.00","0.00","2756.77","0.00","0.00","0.00","0.00","19986.57","",""
"","6167","A7AB047E-4512-49FB-8CA1-D6FADE82A0C9","Factura","29/06/2026","10:29:55","SMI160627HX6","SISTEMAS MECATRONICOS INTICA","Vigente","REM 271/2026 QUOTE 218/2026 VISUAL INSPECTION ON PN 9410-0923.000 FOR PLUGGED OR DAMAGED TERMINAL. INSPECTION WILL BE PERFORMED BY USING A MAGNIFYING GLASS  59558 PIECES","Por definir","Pago en parcialidades o diferido","Peso Mexicano","","83381.20","0.00","0.00","13340.99","0.00","0.00","0.00","0.00","96722.19","","","83381.20","0.00","0.00","13340.99","0.00","0.00","0.00","0.00","96722.19","",""
"","6168","487E6975-2130-4CB9-B986-4F4D6E581C09","Factura","29/06/2026","10:34:47","TAM141103BM6","TRECK AUTOMOTIVE DE MEXICO","Vigente","OC0000009822 REM 285/2026 QUOTE 208/2026 VISUAL INSPECTION ON PN PAF020781AD FOR FLASH, NO WARRANTY MARK SHOULD SHOW ON THE PIECE. EACH BOX MUST BE IDENTIFIED WITH A LEGEND OF CERTIFICATION AS MATERIAL FREE OF FLASH  12075 PIECES","Por definir","Pago en parcialidades o diferido","Peso Mexicano","","8660.00","0.00","0.00","1385.60","0.00","0.00","0.00","0.00","10045.60","","","8660.00","0.00","0.00","1385.60","0.00","0.00","0.00","0.00","10045.60","",""
"","6169","78F600E8-A2A1-4CE1-961F-EBD716B3C189","Factura","29/06/2026","10:41:27","TPM150904FFA","TRANS-MATIC PRECISION METAL FORMING DE MEXICO","Vigente","OC 019548 REM 287/2026 QUOTE 268/2026 QUOTE 265/2026 INSPECTION ON PN A1300792 HEIGH OUT OF SPECIFICATION, CHECK 3 MEASUREMENTS IN EACH PART  19500 PIECES","Por definir","Pago en parcialidades o diferido","Peso Mexicano","","29250.00","0.00","0.00","4680.00","0.00","0.00","0.00","0.00","33930.00","","","29250.00","0.00","0.00","4680.00","0.00","0.00","0.00","0.00","33930.00","",""
"","6170","833C5524-1745-4695-80B3-9476D9A63849","Factura","29/06/2026","10:44:24","XEXX010101000","SHANGHAI ZHIXIANG RUBBER AND PLASTICS CO","Vigente","REM 288/2026 QUOTE 254/2026 INSPECTION ON PNS 4844280AA, 4844281AA, 4844284AA FOR WHITE STAIN ON KEYPAD 45405 PIECES","Por definir","Pago en parcialidades o diferido","Dolar americano","18.80","1362.15","0.00","0.00","0.00","0.00","0.00","0.00","0.00","1362.15","","","25608.42","0.00","0.00","0.00","0.00","0.00","0.00","0.00","25608.42","",""
"","6171","FA186796-C481-442C-BEC2-03DEFAC89876","Factura","29/06/2026","10:46:10","XEXX010101000","MAYFAIR PLASTICS INC","Vigente","REM 289/2026 QUOTE 250/2026 VISUAL INSPECTION ON PN 4825598AF FOR SHORT SHOT IN TAB  17088 PIECES","Por definir","Pago en parcialidades o diferido","Dolar americano","18.80","512.64","0.00","0.00","0.00","0.00","0.00","0.00","0.00","512.64","","","9637.63","0.00","0.00","0.00","0.00","0.00","0.00","0.00","9637.63","",""
"","6172","5FEA4210-89DC-47F3-9AC7-4B25B9DF32B9","Factura","29/06/2026","10:48:07","XEXX010101000","NIDEC MOBILITY AMERICA","Vigente","REM 0290/2026 QUOTE 263/2026 INSPECTION ON NIDEC PN 1155403-7 (5925718AB) FOR FUCTIONAL TESRT ON INMOBILIZER DUE NOT STARTING  300 PIECES","Por definir","Pago en parcialidades o diferido","Dolar americano","20.82","450.00","0.00","0.00","0.00","0.00","0.00","0.00","0.00","450.00","","","9369.00","0.00","0.00","0.00","0.00","0.00","0.00","0.00","9369.00","",""
"","6173","2522E0CC-90D5-4318-BF25-B0D391E615F4","Factura","29/06/2026","10:50:37","XEXX010101000","STEWART EFI LLC","Vigente","REM 291/2026 QUOTE 132/2026 VISUAL INSPECTION ON PN 510272 FOR MISSING SLOTS 1500 PIECES","Por definir","Pago en parcialidades o diferido","Dolar americano","18.80","450.00","0.00","0.00","0.00","0.00","0.00","0.00","0.00","450.00","","","8460.00","0.00","0.00","0.00","0.00","0.00","0.00","0.00","8460.00","",""
"","6174","917E0D45-4679-4955-9F74-406064C2490F","Factura","29/06/2026","10:51:53","XEXX010101000","SUNWAY PRECISION INDUSTRIES","Vigente","REM 292/2026 QUOTE 226/2026 MANUAL INSPECTION ON SEPARATORS ON 4832386AB & 4832387AB DUE CANNOT BE ASSAMBLED ON UPPER HOUSINGS 85699 PIECES","Por definir","Pago en parcialidades o diferido","Dolar americano","20.91","2570.97","0.00","0.00","0.00","0.00","0.00","0.00","0.00","2570.97","","","53758.98","0.00","0.00","0.00","0.00","0.00","0.00","0.00","53758.98","",""
"","6175","260B6C2B-B2A5-4C90-93E3-35C8779A16D0","Factura","29/06/2026","10:55:02","XEXX010101000","VALLOTECH","Vigente","REM 293/2026 QUOTE 251/2026 INSPECTION ON PN 42003236/03 FIR BLADE DAMAGE AT PHINIA  DELIVERY 157054284 DELIVERY 157054261 29184  PIECES","Por definir","Pago en parcialidades o diferido","Dolar americano","20.440200","1896.96","0.00","0.00","0.00","0.00","0.00","0.00","0.00","1896.96","","","38774.24","0.00","0.00","0.00","0.00","0.00","0.00","0.00","38774.24","",""
"","6176","06EEBA44-A60C-4D53-B71D-3E933D7863FB","Factura","29/06/2026","10:57:15","XEXX010101000","SHANGHAI JIAHENG INDUSTRIAL CO LTD","Vigente","REM 294/2026 QUOTE 0260/2026 VISUAL INSPECTION ON PN M00129789 DUE LACK OF MACHINE 10246 PIECES","Por definir","Pago en parcialidades o diferido","Dolar americano","18.80","1536.90","0.00","0.00","0.00","0.00","0.00","0.00","0.00","1536.90","","","28893.72","0.00","0.00","0.00","0.00","0.00","0.00","0.00","28893.72","",""
"","6177","351655FE-348E-427D-BCB7-6A639AD1805B","Factura","29/06/2026","10:58:45","DME991005582","PLASTIBELL MEXICO NORTH","Vigente","PO26522-19 REM 295/2026 QUOTE 240/2026 INSPECTION ON PN VP16082 DUE FRACTURE ONS DIMENSION IS 3.5 MM X 1.5MM 105 000 PIECES","Por definir","Pago en parcialidades o diferido","Peso Mexicano","","42000.00","0.00","0.00","6720.00","0.00","0.00","0.00","0.00","48720.00","","","42000.00","0.00","0.00","6720.00","0.00","0.00","0.00","0.00","48720.00","",""
"","6178","876C7080-CE61-4B9C-9026-8A65B769B72C","Factura","29/06/2026","11:01:12","DME991005582","PLASTIBELL MEXICO NORTH","Vigente","PO 26505-19 REM 296/2026 QUOTE 241/2026 INSPECTION ON PN 50118881-006 FOR LACK OF BUBLE LABEL  4536 PIECES","Por definir","Pago en parcialidades o diferido","Peso Mexicano","","8500.00","0.00","0.00","1360.00","0.00","0.00","0.00","0.00","9860.00","","","8500.00","0.00","0.00","1360.00","0.00","0.00","0.00","0.00","9860.00","",""
El reporte incluye comprobantes del folio 6082 al 6178.
*En las últimas columnas podrá encontrar los impuestos y totales en moneda nacional (MXN).
